IP,STATUS,DATE | TIME
0.0.0.92,Offline,2026-06-25 | 13:14:33
IP,STATUS,DATE | TIME
IP,STATUS,DATE | TIME
0.0.0.15,Offline,2026-06-25 | 13:15:26
0.0.0.2,Offline,2026-06-25 | 13:15:26
IP,STATUS,DATE | TIME
0.0.0.3,Offline,2026-06-25 | 13:15:26
IP,STATUS,DATE | TIME
0.0.0.16,Offline,2026-06-25 | 13:15:26
IP,STATUS,DATE | TIME
0.0.0.4,Offline,2026-06-25 | 13:15:26
IP,STATUS,DATE | TIME
0.0.0.5,Offline,2026-06-25 | 13:15:26
IP,STATUS,DATE | TIME
0.0.0.17,Offline,2026-06-25 | 13:15:26
IP,STATUS,DATE | TIME
IP,STATUS,DATE | TIME
0.0.0.18,Offline,2026-06-25 | 13:15:26
0.0.0.6,Offline,2026-06-25 | 13:15:26
IP,STATUS,DATE | TIME
IP,STATUS,DATE | TIME
0.0.0.7,Offline,2026-06-25 | 13:15:26
0.0.0.19,Offline,2026-06-25 | 13:15:26
IP,STATUS,DATE | TIME
0.0.0.20,Offline,2026-06-25 | 13:15:26
IP,STATUS,DATE | TIME
IP,STATUS,DATE | TIME
0.0.0.21,Offline,2026-06-25 | 13:15:26
0.0.0.8,Offline,2026-06-25 | 13:15:26
IP,STATUS,DATE | TIME
0.0.0.22,Offline,2026-06-25 | 13:15:26
IP,STATUS,DATE | TIME
0.0.0.23,Offline,2026-06-25 | 13:15:26
IP,STATUS,DATE | TIME
0.0.0.9,Offline,2026-06-25 | 13:15:26
IP,STATUS,DATE | TIME
0.0.0.24,Offline,2026-06-25 | 13:15:26
IP,STATUS,DATE | TIME
0.0.0.25,Offline,2026-06-25 | 13:15:26
IP,STATUS,DATE | TIME
0.0.0.10,Offline,2026-06-25 | 13:15:26
IP,STATUS,DATE | TIME
0.0.0.11,Offline,2026-06-25 | 13:15:26
IP,STATUS,DATE | TIME
IP,STATUS,DATE | TIME
0.0.0.26,Offline,2026-06-25 | 13:15:26
0.0.0.12,Offline,2026-06-25 | 13:15:26
IP,STATUS,DATE | TIME
0.0.0.27,Offline,2026-06-25 | 13:15:26
IP,STATUS,DATE | TIME
0.0.0.13,Offline,2026-06-25 | 13:15:26
IP,STATUS,DATE | TIME
0.0.0.28,Offline,2026-06-25 | 13:15:26
IP,STATUS,DATE | TIME
0.0.0.14,Offline,2026-06-25 | 13:15:26
IP,STATUS,DATE | TIME
0.0.0.41,Offline,2026-06-25 | 13:15:26
IP,STATUS,DATE | TIME
0.0.0.29,Offline,2026-06-25 | 13:15:26
IP,STATUS,DATE | TIME
IP,STATUS,DATE | TIME
0.0.0.30,Offline,2026-06-25 | 13:15:26
0.0.0.42,Offline,2026-06-25 | 13:15:26
IP,STATUS,DATE | TIME
0.0.0.43,Offline,2026-06-25 | 13:15:26
IP,STATUS,DATE | TIME
0.0.0.44,Offline,2026-06-25 | 13:15:26
IP,STATUS,DATE | TIME
0.0.0.45,Offline,2026-06-25 | 13:15:26
IP,STATUS,DATE | TIME
0.0.0.31,Offline,2026-06-25 | 13:15:26
IP,STATUS,DATE | TIME
0.0.0.46,Offline,2026-06-25 | 13:15:26
IP,STATUS,DATE | TIME
0.0.0.32,Offline,2026-06-25 | 13:15:26
IP,STATUS,DATE | TIME
0.0.0.47,Offline,2026-06-25 | 13:15:26
IP,STATUS,DATE | TIME
0.0.0.33,Offline,2026-06-25 | 13:15:26
IP,STATUS,DATE | TIME
0.0.0.48,Offline,2026-06-25 | 13:15:26
IP,STATUS,DATE | TIME
0.0.0.49,Offline,2026-06-25 | 13:15:26
IP,STATUS,DATE | TIME
0.0.0.34,Offline,2026-06-25 | 13:15:26
IP,STATUS,DATE | TIME
0.0.0.50,Offline,2026-06-25 | 13:15:26
IP,STATUS,DATE | TIME
0.0.0.35,Offline,2026-06-25 | 13:15:26
IP,STATUS,DATE | TIME
0.0.0.51,Offline,2026-06-25 | 13:15:26
IP,STATUS,DATE | TIME
0.0.0.36,Offline,2026-06-25 | 13:15:26
IP,STATUS,DATE | TIME
0.0.0.37,Offline,2026-06-25 | 13:15:26
IP,STATUS,DATE | TIME
0.0.0.52,Offline,2026-06-25 | 13:15:26
IP,STATUS,DATE | TIME
0.0.0.53,Offline,2026-06-25 | 13:15:26
IP,STATUS,DATE | TIME
0.0.0.54,Offline,2026-06-25 | 13:15:26
IP,STATUS,DATE | TIME
IP,STATUS,DATE | TIME
0.0.0.55,Offline,2026-06-25 | 13:15:26
0.0.0.38,Offline,2026-06-25 | 13:15:26
IP,STATUS,DATE | TIME
0.0.0.39,Offline,2026-06-25 | 13:15:26
IP,STATUS,DATE | TIME
0.0.0.56,Offline,2026-06-25 | 13:15:26
IP,STATUS,DATE | TIME
0.0.0.57,Offline,2026-06-25 | 13:15:26
IP,STATUS,DATE | TIME
0.0.0.40,Offline,2026-06-25 | 13:15:26
IP,STATUS,DATE | TIME
0.0.0.58,Offline,2026-06-25 | 13:15:26
IP,STATUS,DATE | TIME
IP,STATUS,DATE | TIME
0.0.0.59,Offline,2026-06-25 | 13:15:26
0.0.0.67,Offline,2026-06-25 | 13:15:26
IP,STATUS,DATE | TIME
0.0.0.60,Offline,2026-06-25 | 13:15:26
IP,STATUS,DATE | TIME
0.0.0.68,Offline,2026-06-25 | 13:15:26
IP,STATUS,DATE | TIME
0.0.0.61,Offline,2026-06-25 | 13:15:26
IP,STATUS,DATE | TIME
0.0.0.69,Offline,2026-06-25 | 13:15:26
IP,STATUS,DATE | TIME
0.0.0.62,Offline,2026-06-25 | 13:15:26
IP,STATUS,DATE | TIME
0.0.0.70,Offline,2026-06-25 | 13:15:26
IP,STATUS,DATE | TIME
0.0.0.63,Offline,2026-06-25 | 13:15:26
IP,STATUS,DATE | TIME
0.0.0.71,Offline,2026-06-25 | 13:15:26
IP,STATUS,DATE | TIME
0.0.0.72,Offline,2026-06-25 | 13:15:26
IP,STATUS,DATE | TIME
0.0.0.64,Offline,2026-06-25 | 13:15:26
IP,STATUS,DATE | TIME
0.0.0.73,Offline,2026-06-25 | 13:15:26
IP,STATUS,DATE | TIME
0.0.0.65,Offline,2026-06-25 | 13:15:26
IP,STATUS,DATE | TIME
0.0.0.74,Offline,2026-06-25 | 13:15:26
IP,STATUS,DATE | TIME
0.0.0.66,Offline,2026-06-25 | 13:15:26
IP,STATUS,DATE | TIME
0.0.0.75,Offline,2026-06-25 | 13:15:26
IP,STATUS,DATE | TIME
0.0.0.76,Offline,2026-06-25 | 13:15:26
IP,STATUS,DATE | TIME
0.0.0.80,Offline,2026-06-25 | 13:15:26
IP,STATUS,DATE | TIME
0.0.0.77,Offline,2026-06-25 | 13:15:26
IP,STATUS,DATE | TIME
0.0.0.78,Offline,2026-06-25 | 13:15:26
IP,STATUS,DATE | TIME
0.0.0.79,Offline,2026-06-25 | 13:15:26
IP,STATUS,DATE | TIME
IP,STATUS,DATE | TIME
0.0.0.81,Offline,2026-06-25 | 13:15:26
0.0.0.93,Offline,2026-06-25 | 13:15:26
IP,STATUS,DATE | TIME
0.0.0.94,Offline,2026-06-25 | 13:15:26
IP,STATUS,DATE | TIME
0.0.0.82,Offline,2026-06-25 | 13:15:26
IP,STATUS,DATE | TIME
0.0.0.83,Offline,2026-06-25 | 13:15:26
IP,STATUS,DATE | TIME
0.0.0.84,Offline,2026-06-25 | 13:15:26
IP,STATUS,DATE | TIME
0.0.0.95,Offline,2026-06-25 | 13:15:26
IP,STATUS,DATE | TIME
0.0.0.85,Offline,2026-06-25 | 13:15:26
IP,STATUS,DATE | TIME
0.0.0.96,Offline,2026-06-25 | 13:15:26
IP,STATUS,DATE | TIME
0.0.0.86,Offline,2026-06-25 | 13:15:26
IP,STATUS,DATE | TIME
0.0.0.97,Offline,2026-06-25 | 13:15:26
IP,STATUS,DATE | TIME
0.0.0.87,Offline,2026-06-25 | 13:15:26
IP,STATUS,DATE | TIME
0.0.0.98,Offline,2026-06-25 | 13:15:26
IP,STATUS,DATE | TIME
0.0.0.88,Offline,2026-06-25 | 13:15:26
IP,STATUS,DATE | TIME
0.0.0.89,Offline,2026-06-25 | 13:15:26
IP,STATUS,DATE | TIME
0.0.0.99,Offline,2026-06-25 | 13:15:26
IP,STATUS,DATE | TIME
0.0.0.100,Offline,2026-06-25 | 13:15:26
IP,STATUS,DATE | TIME
0.0.0.90,Offline,2026-06-25 | 13:15:26
IP,STATUS,DATE | TIME
0.0.0.101,Offline,2026-06-25 | 13:15:26
IP,STATUS,DATE | TIME
0.0.0.102,Offline,2026-06-25 | 13:15:26
IP,STATUS,DATE | TIME
0.0.0.91,Offline,2026-06-25 | 13:15:26
IP,STATUS,DATE | TIME
0.0.0.92,Offline,2026-06-25 | 13:15:26
